seq,timestamp,rtt_ms,jitter_ms,status
1,2026-08-07T22:34:31.495,4.7792,,OK
2,2026-08-07T22:34:31.757,3.3916,1.3876,OK
3,2026-08-07T22:34:32.001,3.4427,0.0511,OK
4,2026-08-07T22:34:32.246,3.5222,0.0795,OK
5,2026-08-07T22:34:32.495,3.4571,0.0651,OK
6,2026-08-07T22:34:32.747,3.2743,0.1828,OK
7,2026-08-07T22:34:32.999,3.2637,0.0106,OK
8,2026-08-07T22:34:33.244,3.6214,0.3577,OK
9,2026-08-07T22:34:33.503,3.8435,0.2221,OK
10,2026-08-07T22:34:33.750,3.3652,0.4783,OK
11,2026-08-07T22:34:33.995,3.0509,0.3143,OK
12,2026-08-07T22:34:34.257,3.5726,0.5217,OK
13,2026-08-07T22:34:34.495,3.4668,0.1058,OK
14,2026-08-07T22:34:34.759,3.5828,0.116,OK
15,2026-08-07T22:34:35.005,3.5328,0.05,OK
16,2026-08-07T22:34:35.249,3.4828,0.05,OK
17,2026-08-07T22:34:35.507,3.5248,0.042,OK
18,2026-08-07T22:34:35.754,3.642,0.1172,OK
19,2026-08-07T22:34:36.001,4.3671,0.7251,OK
20,2026-08-07T22:34:36.255,3.3323,1.0348,OK
21,2026-08-07T22:34:36.499,3.2796,0.0527,OK
22,2026-08-07T22:34:36.752,3.2877,0.0081,OK
23,2026-08-07T22:34:37.007,3.4026,0.1149,OK
24,2026-08-07T22:34:37.243,3.3991,0.0035,OK
25,2026-08-07T22:34:37.506,3.4246,0.0255,OK
26,2026-08-07T22:34:37.750,3.4088,0.0158,OK
27,2026-08-07T22:34:37.995,3.6683,0.2595,OK
28,2026-08-07T22:34:38.255,3.4277,0.2406,OK
29,2026-08-07T22:34:38.502,3.3979,0.0298,OK
30,2026-08-07T22:34:38.752,3.5033,0.1054,OK
31,2026-08-07T22:34:39.004,3.611,0.1077,OK
32,2026-08-07T22:34:39.254,3.3581,0.2529,OK
33,2026-08-07T22:34:39.496,3.4875,0.1294,OK
34,2026-08-07T22:34:39.751,3.9368,0.4493,OK
35,2026-08-07T22:34:40.007,3.5487,0.3881,OK
36,2026-08-07T22:34:40.252,3.6706,0.1219,OK
37,2026-08-07T22:34:40.508,3.8884,0.2178,OK
38,2026-08-07T22:34:40.755,3.403,0.4854,OK
39,2026-08-07T22:34:41.004,3.823,0.42,OK
40,2026-08-07T22:34:41.251,3.3785,0.4445,OK
41,2026-08-07T22:34:41.498,3.3696,0.0089,OK
42,2026-08-07T22:34:41.745,3.8409,0.4713,OK
43,2026-08-07T22:34:42.000,3.7483,0.0926,OK
44,2026-08-07T22:34:42.256,3.6868,0.0615,OK
45,2026-08-07T22:34:42.499,3.6289,0.0579,OK
46,2026-08-07T22:34:42.744,3.5391,0.0898,OK
47,2026-08-07T22:34:42.996,3.7642,0.2251,OK
48,2026-08-07T22:34:43.253,3.2928,0.4714,OK
49,2026-08-07T22:34:43.501,3.3354,0.0426,OK
50,2026-08-07T22:34:43.744,3.4132,0.0778,OK
51,2026-08-07T22:34:43.996,3.7047,0.2915,OK
52,2026-08-07T22:34:44.251,3.687,0.0177,OK
53,2026-08-07T22:34:44.501,3.3295,0.3575,OK
54,2026-08-07T22:34:44.744,3.6041,0.2746,OK
55,2026-08-07T22:34:45.005,4.0715,0.4674,OK
56,2026-08-07T22:34:45.251,3.5351,0.5364,OK
57,2026-08-07T22:34:45.501,3.9713,0.4362,OK
58,2026-08-07T22:34:45.751,3.84,0.1313,OK
59,2026-08-07T22:34:46.001,3.4588,0.3812,OK
60,2026-08-07T22:34:46.247,3.8544,0.3956,OK
61,2026-08-07T22:34:46.494,3.6513,0.2031,OK
62,2026-08-07T22:34:46.750,3.2877,0.3636,OK
63,2026-08-07T22:34:47.008,3.5022,0.2145,OK
64,2026-08-07T22:34:47.248,3.2446,0.2576,OK
65,2026-08-07T22:34:47.502,3.444,0.1994,OK
66,2026-08-07T22:34:47.744,3.4754,0.0314,OK
67,2026-08-07T22:34:47.996,3.6102,0.1348,OK
68,2026-08-07T22:34:48.257,3.4177,0.1925,OK
69,2026-08-07T22:34:48.497,3.4822,0.0645,OK
70,2026-08-07T22:34:48.751,3.4844,0.0022,OK
71,2026-08-07T22:34:48.999,3.2482,0.2362,OK
72,2026-08-07T22:34:49.254,3.4755,0.2273,OK
73,2026-08-07T22:34:49.494,3.3796,0.0959,OK
74,2026-08-07T22:34:49.753,3.3555,0.0241,OK
75,2026-08-07T22:34:49.997,3.5072,0.1517,OK
76,2026-08-07T22:34:50.257,3.4985,0.0087,OK
77,2026-08-07T22:34:50.497,3.263,0.2355,OK
78,2026-08-07T22:34:50.758,3.8153,0.5523,OK
79,2026-08-07T22:34:51.000,3.5753,0.24,OK
80,2026-08-07T22:34:51.251,3.3506,0.2247,OK
81,2026-08-07T22:34:51.503,3.4881,0.1375,OK
82,2026-08-07T22:34:51.744,3.8061,0.318,OK
83,2026-08-07T22:34:51.996,4.348,0.5419,OK
84,2026-08-07T22:34:52.257,3.3842,0.9638,OK
85,2026-08-07T22:34:52.502,3.6424,0.2582,OK
86,2026-08-07T22:34:52.751,3.7494,0.107,OK
87,2026-08-07T22:34:53.000,3.2841,0.4653,OK
88,2026-08-07T22:34:53.253,3.3585,0.0744,OK
89,2026-08-07T22:34:53.501,3.5299,0.1714,OK
90,2026-08-07T22:34:53.749,3.194,0.3359,OK
91,2026-08-07T22:34:54.003,3.1156,0.0784,OK
92,2026-08-07T22:34:54.253,3.3483,0.2327,OK
93,2026-08-07T22:34:54.506,3.4394,0.0911,OK
94,2026-08-07T22:34:54.744,3.3791,0.0603,OK
95,2026-08-07T22:34:54.999,3.3678,0.0113,OK
96,2026-08-07T22:34:55.251,3.3722,0.0044,OK
97,2026-08-07T22:34:55.496,3.6741,0.3019,OK
98,2026-08-07T22:34:55.754,3.6425,0.0316,OK
99,2026-08-07T22:34:56.004,3.4013,0.2412,OK
100,2026-08-07T22:34:56.253,3.4344,0.0331,OK
101,2026-08-07T22:34:56.498,3.7154,0.281,OK
102,2026-08-07T22:34:56.746,3.4735,0.2419,OK
103,2026-08-07T22:34:57.001,3.4312,0.0423,OK
104,2026-08-07T22:34:57.244,3.247,0.1842,OK
105,2026-08-07T22:34:57.501,3.3909,0.1439,OK
106,2026-08-07T22:34:57.753,3.4742,0.0833,OK
107,2026-08-07T22:34:58.006,3.3682,0.106,OK
108,2026-08-07T22:34:58.249,3.1206,0.2476,OK
109,2026-08-07T22:34:58.500,3.2863,0.1657,OK
110,2026-08-07T22:34:58.744,3.523,0.2367,OK
111,2026-08-07T22:34:58.996,3.5165,0.0065,OK
112,2026-08-07T22:34:59.244,3.4643,0.0522,OK
113,2026-08-07T22:34:59.500,3.401,0.0633,OK
114,2026-08-07T22:34:59.743,3.548,0.147,OK
115,2026-08-07T22:34:59.993,3.8738,0.3258,OK
116,2026-08-07T22:35:00.252,4.8923,1.0185,OK
117,2026-08-07T22:35:00.494,3.549,1.3433,OK
118,2026-08-07T22:35:00.757,3.6457,0.0967,OK
119,2026-08-07T22:35:00.999,3.2102,0.4355,OK
120,2026-08-07T22:35:01.258,3.6822,0.472,OK
121,2026-08-07T22:35:01.502,3.5614,0.1208,OK
122,2026-08-07T22:35:01.759,3.6475,0.0861,OK
123,2026-08-07T22:35:02.008,4.0417,0.3942,OK
124,2026-08-07T22:35:02.246,4.1571,0.1154,OK
125,2026-08-07T22:35:02.500,3.6863,0.4708,OK
126,2026-08-07T22:35:02.751,3.7421,0.0558,OK
127,2026-08-07T22:35:02.995,4.0558,0.3137,OK
128,2026-08-07T22:35:03.247,4.0298,0.026,OK
129,2026-08-07T22:35:03.502,4.2595,0.2297,OK
130,2026-08-07T22:35:03.752,4.2125,0.047,OK
131,2026-08-07T22:35:04.004,3.7774,0.4351,OK
132,2026-08-07T22:35:04.255,4.1871,0.4097,OK
133,2026-08-07T22:35:04.497,4.2845,0.0974,OK
134,2026-08-07T22:35:04.744,4.1541,0.1304,OK
135,2026-08-07T22:35:04.995,4.007,0.1471,OK
136,2026-08-07T22:35:05.247,3.3255,0.6815,OK
137,2026-08-07T22:35:05.499,4.1123,0.7868,OK
138,2026-08-07T22:35:05.749,3.8835,0.2288,OK
139,2026-08-07T22:35:05.995,3.8378,0.0457,OK
140,2026-08-07T22:35:06.251,3.718,0.1198,OK
141,2026-08-07T22:35:06.500,3.768,0.05,OK
142,2026-08-07T22:35:06.746,4.6025,0.8345,OK
143,2026-08-07T22:35:06.995,3.6835,0.919,OK
144,2026-08-07T22:35:07.247,4.3869,0.7034,OK
145,2026-08-07T22:35:07.497,4.3344,0.0525,OK
146,2026-08-07T22:35:07.746,4.3002,0.0342,OK
147,2026-08-07T22:35:07.996,4.1503,0.1499,OK
148,2026-08-07T22:35:08.247,3.5282,0.6221,OK
149,2026-08-07T22:35:08.495,3.7219,0.1937,OK
150,2026-08-07T22:35:08.747,3.5155,0.2064,OK
151,2026-08-07T22:35:08.996,3.2377,0.2778,OK
152,2026-08-07T22:35:09.246,3.1991,0.0386,OK
153,2026-08-07T22:35:09.495,3.6656,0.4665,OK
154,2026-08-07T22:35:09.752,7.7437,4.0781,OK
155,2026-08-07T22:35:09.997,3.393,4.3507,OK
156,2026-08-07T22:35:10.245,3.5932,0.2002,OK
157,2026-08-07T22:35:10.495,3.9017,0.3085,OK
158,2026-08-07T22:35:10.746,3.5855,0.3162,OK
159,2026-08-07T22:35:10.996,4.0208,0.4353,OK
160,2026-08-07T22:35:11.248,4.5787,0.5579,OK
161,2026-08-07T22:35:11.505,3.1434,1.4353,OK
162,2026-08-07T22:35:11.757,3.3826,0.2392,OK
163,2026-08-07T22:35:11.997,3.4188,0.0362,OK
164,2026-08-07T22:35:12.251,3.4425,0.0237,OK
165,2026-08-07T22:35:12.502,3.4918,0.0493,OK
166,2026-08-07T22:35:12.744,3.7285,0.2367,OK
167,2026-08-07T22:35:12.996,3.6695,0.059,OK
168,2026-08-07T22:35:13.245,3.4082,0.2613,OK
169,2026-08-07T22:35:13.496,3.9355,0.5273,OK
170,2026-08-07T22:35:13.745,3.3635,0.572,OK
171,2026-08-07T22:35:13.997,3.9501,0.5866,OK
172,2026-08-07T22:35:14.246,3.9932,0.0431,OK
173,2026-08-07T22:35:14.497,3.8657,0.1275,OK
174,2026-08-07T22:35:14.748,3.787,0.0787,OK
175,2026-08-07T22:35:14.990,3.5235,0.2635,OK
176,2026-08-07T22:35:15.249,3.194,0.3295,OK
177,2026-08-07T22:35:15.497,3.3759,0.1819,OK
178,2026-08-07T22:35:15.745,3.9811,0.6052,OK
179,2026-08-07T22:35:15.998,4.0726,0.0915,OK
180,2026-08-07T22:35:16.247,3.7728,0.2998,OK
181,2026-08-07T22:35:16.497,3.7896,0.0168,OK
182,2026-08-07T22:35:16.746,3.3362,0.4534,OK
183,2026-08-07T22:35:16.997,3.3992,0.063,OK
184,2026-08-07T22:35:17.246,3.7098,0.3106,OK
185,2026-08-07T22:35:17.495,3.9388,0.229,OK
186,2026-08-07T22:35:17.748,4.1671,0.2283,OK
187,2026-08-07T22:35:17.997,3.6223,0.5448,OK
188,2026-08-07T22:35:18.241,3.746,0.1237,OK
189,2026-08-07T22:35:18.498,3.8055,0.0595,OK
190,2026-08-07T22:35:18.739,2.2859,1.5196,OK
191,2026-08-07T22:35:18.997,3.1712,0.8853,OK
192,2026-08-07T22:35:19.241,3.5544,0.3832,OK
193,2026-08-07T22:35:19.491,3.3671,0.1873,OK
194,2026-08-07T22:35:19.748,3.8007,0.4336,OK
195,2026-08-07T22:35:19.990,3.439,0.3617,OK
196,2026-08-07T22:35:20.241,3.4031,0.0359,OK
197,2026-08-07T22:35:20.497,3.1333,0.2698,OK
198,2026-08-07T22:35:20.755,4.1592,1.0259,OK
199,2026-08-07T22:35:20.991,3.4328,0.7264,OK
200,2026-08-07T22:35:21.240,3.3525,0.0803,OK
201,2026-08-07T22:35:21.509,3.5966,0.2441,OK
202,2026-08-07T22:35:21.757,2.8427,0.7539,OK
203,2026-08-07T22:35:21.993,4.5253,1.6826,OK
204,2026-08-07T22:35:22.253,3.2935,1.2318,OK
205,2026-08-07T22:35:22.503,3.2799,0.0136,OK
206,2026-08-07T22:35:22.752,3.4709,0.191,OK
207,2026-08-07T22:35:23.002,3.4568,0.0141,OK
208,2026-08-07T22:35:23.253,3.4692,0.0124,OK
209,2026-08-07T22:35:23.503,3.5376,0.0684,OK
210,2026-08-07T22:35:23.753,3.3,0.2376,OK
211,2026-08-07T22:35:24.003,3.2188,0.0812,OK
212,2026-08-07T22:35:24.253,3.5898,0.371,OK
213,2026-08-07T22:35:24.503,3.2441,0.3457,OK
214,2026-08-07T22:35:24.754,3.8295,0.5854,OK
215,2026-08-07T22:35:25.004,3.6132,0.2163,OK
216,2026-08-07T22:35:25.253,3.5196,0.0936,OK
217,2026-08-07T22:35:25.503,3.2375,0.2821,OK
218,2026-08-07T22:35:25.754,3.71,0.4725,OK
219,2026-08-07T22:35:26.003,3.7114,0.0014,OK
220,2026-08-07T22:35:26.254,3.3222,0.3892,OK
221,2026-08-07T22:35:26.503,3.8584,0.5362,OK
222,2026-08-07T22:35:26.755,3.8009,0.0575,OK
223,2026-08-07T22:35:27.003,3.3948,0.4061,OK
224,2026-08-07T22:35:27.253,3.7864,0.3916,OK
225,2026-08-07T22:35:27.503,3.6904,0.096,OK
226,2026-08-07T22:35:27.754,3.5996,0.0908,OK
227,2026-08-07T22:35:28.004,3.6818,0.0822,OK
228,2026-08-07T22:35:28.254,3.4155,0.2663,OK
229,2026-08-07T22:35:28.502,3.3309,0.0846,OK
230,2026-08-07T22:35:28.752,3.2001,0.1308,OK
231,2026-08-07T22:35:28.993,3.4948,0.2947,OK
232,2026-08-07T22:35:29.256,3.6278,0.133,OK
233,2026-08-07T22:35:29.504,3.8877,0.2599,OK
234,2026-08-07T22:35:29.754,3.6756,0.2121,OK
235,2026-08-07T22:35:30.004,3.4612,0.2144,OK
236,2026-08-07T22:35:30.254,3.748,0.2868,OK
237,2026-08-07T22:35:30.502,3.715,0.033,OK
238,2026-08-07T22:35:30.753,3.6941,0.0209,OK
239,2026-08-07T22:35:31.004,3.7204,0.0263,OK
240,2026-08-07T22:35:31.254,3.5377,0.1827,OK
241,2026-08-07T22:35:31.501,1.4925,2.0452,OK
242,2026-08-07T22:35:31.754,3.3899,1.8974,OK
243,2026-08-07T22:35:31.995,3.3221,0.0678,OK
244,2026-08-07T22:35:32.245,3.2274,0.0947,OK
245,2026-08-07T22:35:32.496,1.8308,1.3966,OK
246,2026-08-07T22:35:32.749,3.5099,1.6791,OK
247,2026-08-07T22:35:33.004,3.5082,0.0017,OK
248,2026-08-07T22:35:33.257,3.3146,0.1936,OK
249,2026-08-07T22:35:33.495,3.6124,0.2978,OK
250,2026-08-07T22:35:33.745,3.594,0.0184,OK
251,2026-08-07T22:35:33.997,3.7611,0.1671,OK
252,2026-08-07T22:35:34.247,3.7013,0.0598,OK
253,2026-08-07T22:35:34.497,3.7571,0.0558,OK
254,2026-08-07T22:35:34.749,3.5677,0.1894,OK
255,2026-08-07T22:35:34.998,3.6571,0.0894,OK
256,2026-08-07T22:35:35.248,3.6351,0.022,OK
257,2026-08-07T22:35:35.498,3.6745,0.0394,OK
258,2026-08-07T22:35:35.752,3.917,0.2425,OK
259,2026-08-07T22:35:36.000,3.5319,0.3851,OK
260,2026-08-07T22:35:36.248,3.6666,0.1347,OK
261,2026-08-07T22:35:36.502,3.7081,0.0415,OK
262,2026-08-07T22:35:36.754,4.0663,0.3582,OK
263,2026-08-07T22:35:37.006,4.0217,0.0446,OK
264,2026-08-07T22:35:37.258,3.4693,0.5524,OK
265,2026-08-07T22:35:37.507,3.4972,0.0279,OK
266,2026-08-07T22:35:37.757,3.2028,0.2944,OK
267,2026-08-07T22:35:38.007,3.3726,0.1698,OK
268,2026-08-07T22:35:38.258,3.6082,0.2356,OK
269,2026-08-07T22:35:38.510,3.4947,0.1135,OK
270,2026-08-07T22:35:38.756,3.3942,0.1005,OK
271,2026-08-07T22:35:39.006,3.6817,0.2875,OK
272,2026-08-07T22:35:39.256,3.6159,0.0658,OK
273,2026-08-07T22:35:39.505,3.4499,0.166,OK
274,2026-08-07T22:35:39.757,3.5876,0.1377,OK
275,2026-08-07T22:35:40.007,3.3723,0.2153,OK
276,2026-08-07T22:35:40.254,3.3142,0.0581,OK
277,2026-08-07T22:35:40.504,2.9439,0.3703,OK
278,2026-08-07T22:35:40.756,3.5523,0.6084,OK
279,2026-08-07T22:35:41.006,3.3951,0.1572,OK
280,2026-08-07T22:35:41.254,3.9999,0.6048,OK
281,2026-08-07T22:35:41.504,3.4468,0.5531,OK
282,2026-08-07T22:35:41.755,3.3456,0.1012,OK
283,2026-08-07T22:35:42.006,3.2245,0.1211,OK
284,2026-08-07T22:35:42.255,3.3772,0.1527,OK
285,2026-08-07T22:35:42.502,3.3064,0.0708,OK
286,2026-08-07T22:35:42.753,3.1567,0.1497,OK
287,2026-08-07T22:35:43.004,3.2779,0.1212,OK
288,2026-08-07T22:35:43.252,3.8343,0.5564,OK
289,2026-08-07T22:35:43.495,3.7224,0.1119,OK
290,2026-08-07T22:35:43.746,4.3553,0.6329,OK
291,2026-08-07T22:35:43.996,3.4281,0.9272,OK
292,2026-08-07T22:35:44.247,3.5562,0.1281,OK
293,2026-08-07T22:35:44.496,3.5425,0.0137,OK
294,2026-08-07T22:35:44.747,3.9303,0.3878,OK
295,2026-08-07T22:35:44.994,4.1461,0.2158,OK
296,2026-08-07T22:35:45.255,3.3933,0.7528,OK
297,2026-08-07T22:35:45.504,3.866,0.4727,OK
298,2026-08-07T22:35:45.752,3.6034,0.2626,OK
299,2026-08-07T22:35:45.994,3.2359,0.3675,OK
300,2026-08-07T22:35:46.254,3.2154,0.0205,OK
301,2026-08-07T22:35:46.501,1.5774,1.638,OK
302,2026-08-07T22:35:46.753,4.1408,2.5634,OK
303,2026-08-07T22:35:47.003,2.6949,1.4459,OK
304,2026-08-07T22:35:47.252,3.088,0.3931,OK
305,2026-08-07T22:35:47.502,3.4876,0.3996,OK
306,2026-08-07T22:35:47.751,3.1219,0.3657,OK
307,2026-08-07T22:35:48.002,3.4383,0.3164,OK
308,2026-08-07T22:35:48.252,3.5855,0.1472,OK
309,2026-08-07T22:35:48.494,3.6607,0.0752,OK
310,2026-08-07T22:35:48.754,3.5932,0.0675,OK
311,2026-08-07T22:35:49.002,3.3874,0.2058,OK
312,2026-08-07T22:35:49.243,3.0937,0.2937,OK
313,2026-08-07T22:35:49.505,3.3331,0.2394,OK
314,2026-08-07T22:35:49.753,3.2196,0.1135,OK
315,2026-08-07T22:35:50.004,3.3665,0.1469,OK
316,2026-08-07T22:35:50.252,3.7466,0.3801,OK
317,2026-08-07T22:35:50.505,4.3158,0.5692,OK
318,2026-08-07T22:35:50.757,3.4309,0.8849,OK
319,2026-08-07T22:35:50.994,3.3928,0.0381,OK
320,2026-08-07T22:35:51.249,3.1814,0.2114,OK
321,2026-08-07T22:35:51.501,3.3527,0.1713,OK
322,2026-08-07T22:35:51.751,3.4533,0.1006,OK
323,2026-08-07T22:35:52.000,3.378,0.0753,OK
324,2026-08-07T22:35:52.252,3.5533,0.1753,OK
325,2026-08-07T22:35:52.505,3.4554,0.0979,OK
326,2026-08-07T22:35:52.754,3.201,0.2544,OK
327,2026-08-07T22:35:53.006,3.5016,0.3006,OK
328,2026-08-07T22:35:53.258,3.55,0.0484,OK
329,2026-08-07T22:35:53.507,3.3102,0.2398,OK
330,2026-08-07T22:35:53.756,3.2601,0.0501,OK
331,2026-08-07T22:35:54.006,3.6127,0.3526,OK
332,2026-08-07T22:35:54.258,3.3014,0.3113,OK
333,2026-08-07T22:35:54.506,3.2447,0.0567,OK
334,2026-08-07T22:35:54.757,3.3513,0.1066,OK
335,2026-08-07T22:35:55.006,3.4066,0.0553,OK
336,2026-08-07T22:35:55.256,3.2066,0.2,OK
337,2026-08-07T22:35:55.504,3.3899,0.1833,OK
338,2026-08-07T22:35:55.754,3.5183,0.1284,OK
339,2026-08-07T22:35:56.002,3.3098,0.2085,OK
340,2026-08-07T22:35:56.251,3.2291,0.0807,OK
341,2026-08-07T22:35:56.504,3.3334,0.1043,OK
342,2026-08-07T22:35:56.754,3.2481,0.0853,OK
343,2026-08-07T22:35:57.001,3.1634,0.0847,OK
344,2026-08-07T22:35:57.254,3.3137,0.1503,OK
345,2026-08-07T22:35:57.503,3.142,0.1717,OK
346,2026-08-07T22:35:57.751,3.4206,0.2786,OK
347,2026-08-07T22:35:58.004,3.2364,0.1842,OK
348,2026-08-07T22:35:58.251,3.3517,0.1153,OK
349,2026-08-07T22:35:58.501,3.2458,0.1059,OK
350,2026-08-07T22:35:58.751,3.9963,0.7505,OK
351,2026-08-07T22:35:59.001,3.4181,0.5782,OK
352,2026-08-07T22:35:59.251,3.2772,0.1409,OK
353,2026-08-07T22:35:59.501,3.4271,0.1499,OK
354,2026-08-07T22:35:59.751,3.4669,0.0398,OK
355,2026-08-07T22:35:59.998,3.4131,0.0538,OK
356,2026-08-07T22:36:00.253,3.4138,0.0007,OK
357,2026-08-07T22:36:00.505,3.3218,0.092,OK
358,2026-08-07T22:36:00.758,3.0954,0.2264,OK
359,2026-08-07T22:36:01.008,3.1907,0.0953,OK
360,2026-08-07T22:36:01.260,3.3103,0.1196,OK
361,2026-08-07T22:36:01.495,3.3162,0.0059,OK
362,2026-08-07T22:36:01.760,3.3786,0.0624,OK
363,2026-08-07T22:36:01.994,3.5261,0.1475,OK
364,2026-08-07T22:36:02.245,3.2103,0.3158,OK
365,2026-08-07T22:36:02.496,3.5689,0.3586,OK
366,2026-08-07T22:36:02.745,4.0487,0.4798,OK
367,2026-08-07T22:36:02.997,3.4922,0.5565,OK
368,2026-08-07T22:36:03.251,3.3835,0.1087,OK
369,2026-08-07T22:36:03.505,3.4296,0.0461,OK
370,2026-08-07T22:36:03.760,3.8956,0.466,OK
371,2026-08-07T22:36:03.995,3.4036,0.492,OK
372,2026-08-07T22:36:04.245,3.7246,0.321,OK
373,2026-08-07T22:36:04.497,3.3543,0.3703,OK
374,2026-08-07T22:36:04.751,3.4256,0.0713,OK
375,2026-08-07T22:36:05.001,3.1987,0.2269,OK
376,2026-08-07T22:36:05.252,3.1522,0.0465,OK
377,2026-08-07T22:36:05.504,3.0622,0.09,OK
378,2026-08-07T22:36:05.753,3.2907,0.2285,OK
379,2026-08-07T22:36:06.004,3.5134,0.2227,OK
380,2026-08-07T22:36:06.253,3.3004,0.213,OK
381,2026-08-07T22:36:06.502,3.5604,0.26,OK
382,2026-08-07T22:36:06.752,3.7259,0.1655,OK
383,2026-08-07T22:36:07.002,3.5343,0.1916,OK
384,2026-08-07T22:36:07.253,3.3484,0.1859,OK
385,2026-08-07T22:36:07.505,3.3367,0.0117,OK
386,2026-08-07T22:36:07.756,3.2579,0.0788,OK
387,2026-08-07T22:36:08.006,3.4733,0.2154,OK
388,2026-08-07T22:36:08.257,3.4887,0.0154,OK
389,2026-08-07T22:36:08.506,3.6076,0.1189,OK
390,2026-08-07T22:36:08.758,3.331,0.2766,OK
391,2026-08-07T22:36:09.008,3.388,0.057,OK
392,2026-08-07T22:36:09.256,3.3405,0.0475,OK
393,2026-08-07T22:36:09.496,3.4024,0.0619,OK
394,2026-08-07T22:36:09.750,3.6428,0.2404,OK
395,2026-08-07T22:36:10.002,3.3195,0.3233,OK
396,2026-08-07T22:36:10.253,3.203,0.1165,OK
397,2026-08-07T22:36:10.507,3.399,0.196,OK
398,2026-08-07T22:36:10.756,3.2425,0.1565,OK
399,2026-08-07T22:36:11.006,3.3391,0.0966,OK
400,2026-08-07T22:36:11.243,3.1334,0.2057,OK
401,2026-08-07T22:36:11.493,3.2343,0.1009,OK
402,2026-08-07T22:36:11.745,3.3647,0.1304,OK
403,2026-08-07T22:36:11.999,3.317,0.0477,OK
404,2026-08-07T22:36:12.251,3.426,0.109,OK
405,2026-08-07T22:36:12.504,3.5333,0.1073,OK
406,2026-08-07T22:36:12.756,3.554,0.0207,OK
407,2026-08-07T22:36:13.010,3.2743,0.2797,OK
408,2026-08-07T22:36:13.244,3.3184,0.0441,OK
409,2026-08-07T22:36:13.507,3.2179,0.1005,OK
410,2026-08-07T22:36:13.745,3.2311,0.0132,OK
411,2026-08-07T22:36:13.997,3.3471,0.116,OK
412,2026-08-07T22:36:14.250,3.4077,0.0606,OK
413,2026-08-07T22:36:14.499,3.0265,0.3812,OK
414,2026-08-07T22:36:14.751,3.3665,0.34,OK
415,2026-08-07T22:36:15.002,3.3012,0.0653,OK
416,2026-08-07T22:36:15.254,3.4099,0.1087,OK
417,2026-08-07T22:36:15.507,3.3208,0.0891,OK
418,2026-08-07T22:36:15.757,3.5352,0.2144,OK
419,2026-08-07T22:36:16.005,3.7041,0.1689,OK
420,2026-08-07T22:36:16.257,3.3293,0.3748,OK
421,2026-08-07T22:36:16.506,3.3066,0.0227,OK
422,2026-08-07T22:36:16.757,3.5413,0.2347,OK
423,2026-08-07T22:36:17.010,3.6815,0.1402,OK
424,2026-08-07T22:36:17.246,3.2495,0.432,OK
425,2026-08-07T22:36:17.498,3.1829,0.0666,OK
426,2026-08-07T22:36:17.748,3.266,0.0831,OK
427,2026-08-07T22:36:17.997,3.1205,0.1455,OK
428,2026-08-07T22:36:18.248,3.4948,0.3743,OK
429,2026-08-07T22:36:18.500,3.4302,0.0646,OK
430,2026-08-07T22:36:18.750,3.756,0.3258,OK
431,2026-08-07T22:36:19.001,3.452,0.304,OK
432,2026-08-07T22:36:19.254,3.2308,0.2212,OK
433,2026-08-07T22:36:19.505,3.518,0.2872,OK
434,2026-08-07T22:36:19.755,3.6098,0.0918,OK
435,2026-08-07T22:36:20.006,3.7027,0.0929,OK
436,2026-08-07T22:36:20.257,3.4211,0.2816,OK
437,2026-08-07T22:36:20.507,3.3332,0.0879,OK
438,2026-08-07T22:36:20.758,3.5036,0.1704,OK
439,2026-08-07T22:36:21.008,3.6309,0.1273,OK
440,2026-08-07T22:36:21.257,3.3061,0.3248,OK
441,2026-08-07T22:36:21.507,3.2954,0.0107,OK
442,2026-08-07T22:36:21.757,3.5911,0.2957,OK
443,2026-08-07T22:36:22.005,3.31,0.2811,OK
444,2026-08-07T22:36:22.257,3.4921,0.1821,OK
445,2026-08-07T22:36:22.510,3.39,0.1021,OK
446,2026-08-07T22:36:22.758,3.1622,0.2278,OK
447,2026-08-07T22:36:23.009,3.2781,0.1159,OK
448,2026-08-07T22:36:23.260,3.4696,0.1915,OK
449,2026-08-07T22:36:23.495,3.3966,0.073,OK
450,2026-08-07T22:36:23.746,3.154,0.2426,OK
451,2026-08-07T22:36:23.997,3.2305,0.0765,OK
452,2026-08-07T22:36:24.248,3.1968,0.0337,OK
453,2026-08-07T22:36:24.497,3.3547,0.1579,OK
454,2026-08-07T22:36:24.747,3.4168,0.0621,OK
455,2026-08-07T22:36:24.997,3.494,0.0772,OK
456,2026-08-07T22:36:25.246,3.3039,0.1901,OK
457,2026-08-07T22:36:25.496,3.1993,0.1046,OK
458,2026-08-07T22:36:25.747,3.3648,0.1655,OK
459,2026-08-07T22:36:25.999,3.2326,0.1322,OK
460,2026-08-07T22:36:26.251,3.3942,0.1616,OK
461,2026-08-07T22:36:26.505,3.5032,0.109,OK
462,2026-08-07T22:36:26.755,3.2511,0.2521,OK
463,2026-08-07T22:36:27.004,3.251,0.0001,OK
464,2026-08-07T22:36:27.254,3.3845,0.1335,OK
465,2026-08-07T22:36:27.502,3.3722,0.0123,OK
466,2026-08-07T22:36:27.754,3.3775,0.0053,OK
467,2026-08-07T22:36:28.007,3.3119,0.0656,OK
468,2026-08-07T22:36:28.256,3.3498,0.0379,OK
469,2026-08-07T22:36:28.506,3.5835,0.2337,OK
470,2026-08-07T22:36:28.756,3.3181,0.2654,OK
471,2026-08-07T22:36:29.004,3.4444,0.1263,OK
472,2026-08-07T22:36:29.255,3.3685,0.0759,OK
473,2026-08-07T22:36:29.506,3.3806,0.0121,OK
474,2026-08-07T22:36:29.756,3.4075,0.0269,OK
475,2026-08-07T22:36:30.005,3.6799,0.2724,OK
476,2026-08-07T22:36:30.256,3.7696,0.0897,OK
477,2026-08-07T22:36:30.507,3.3499,0.4197,OK
478,2026-08-07T22:36:30.745,3.9722,0.6223,OK
479,2026-08-07T22:36:30.996,3.2833,0.6889,OK
480,2026-08-07T22:36:31.245,3.4032,0.1199,OK
481,2026-08-07T22:36:31.497,3.5768,0.1736,OK
482,2026-08-07T22:36:31.745,3.217,0.3598,OK
483,2026-08-07T22:36:31.998,3.362,0.145,OK
484,2026-08-07T22:36:32.249,3.359,0.003,OK
485,2026-08-07T22:36:32.498,3.2843,0.0747,OK
486,2026-08-07T22:36:32.749,3.4946,0.2103,OK
487,2026-08-07T22:36:32.997,3.4028,0.0918,OK
488,2026-08-07T22:36:33.247,3.9205,0.5177,OK
489,2026-08-07T22:36:33.494,3.485,0.4355,OK
490,2026-08-07T22:36:33.745,3.5573,0.0723,OK
491,2026-08-07T22:36:33.997,3.4167,0.1406,OK
492,2026-08-07T22:36:34.248,3.3494,0.0673,OK
493,2026-08-07T22:36:34.499,3.3358,0.0136,OK
494,2026-08-07T22:36:34.750,3.364,0.0282,OK
495,2026-08-07T22:36:35.001,3.3113,0.0527,OK
496,2026-08-07T22:36:35.251,3.2024,0.1089,OK
497,2026-08-07T22:36:35.503,4.376,1.1736,OK
498,2026-08-07T22:36:35.754,3.7375,0.6385,OK
499,2026-08-07T22:36:36.006,3.3049,0.4326,OK
500,2026-08-07T22:36:36.257,3.1662,0.1387,OK
501,2026-08-07T22:36:36.507,3.4242,0.258,OK
502,2026-08-07T22:36:36.759,3.3527,0.0715,OK
503,2026-08-07T22:36:37.009,3.2918,0.0609,OK
504,2026-08-07T22:36:37.259,3.2853,0.0065,OK
505,2026-08-07T22:36:37.496,3.4811,0.1958,OK
506,2026-08-07T22:36:37.748,3.2447,0.2364,OK
507,2026-08-07T22:36:37.999,3.3489,0.1042,OK
508,2026-08-07T22:36:38.252,3.4543,0.1054,OK
509,2026-08-07T22:36:38.503,3.2897,0.1646,OK
510,2026-08-07T22:36:38.756,3.894,0.6043,OK
511,2026-08-07T22:36:38.994,3.4713,0.4227,OK
512,2026-08-07T22:36:39.259,3.4997,0.0284,OK
513,2026-08-07T22:36:39.495,3.4516,0.0481,OK
514,2026-08-07T22:36:39.758,3.4702,0.0186,OK
515,2026-08-07T22:36:39.995,3.1312,0.339,OK
516,2026-08-07T22:36:40.244,3.284,0.1528,OK
517,2026-08-07T22:36:40.495,3.4278,0.1438,OK
518,2026-08-07T22:36:40.745,3.4876,0.0598,OK
519,2026-08-07T22:36:41.009,3.2356,0.252,OK
520,2026-08-07T22:36:41.258,3.3654,0.1298,OK
521,2026-08-07T22:36:41.508,3.5561,0.1907,OK
522,2026-08-07T22:36:41.759,3.3632,0.1929,OK
523,2026-08-07T22:36:42.010,3.5336,0.1704,OK
524,2026-08-07T22:36:42.258,3.5537,0.0201,OK
525,2026-08-07T22:36:42.509,3.5182,0.0355,OK
526,2026-08-07T22:36:42.745,3.4953,0.0229,OK
527,2026-08-07T22:36:42.995,3.2087,0.2866,OK
528,2026-08-07T22:36:43.245,3.2204,0.0117,OK
529,2026-08-07T22:36:43.497,3.2742,0.0538,OK
530,2026-08-07T22:36:43.749,3.2563,0.0179,OK
531,2026-08-07T22:36:44.002,3.3892,0.1329,OK
532,2026-08-07T22:36:44.253,3.2758,0.1134,OK
533,2026-08-07T22:36:44.502,3.4202,0.1444,OK
534,2026-08-07T22:36:44.754,3.2089,0.2113,OK
535,2026-08-07T22:36:45.006,3.2285,0.0196,OK
536,2026-08-07T22:36:45.256,3.1978,0.0307,OK
537,2026-08-07T22:36:45.505,3.4419,0.2441,OK
538,2026-08-07T22:36:45.758,3.3318,0.1101,OK
539,2026-08-07T22:36:45.994,3.2921,0.0397,OK
540,2026-08-07T22:36:46.248,3.6234,0.3313,OK
541,2026-08-07T22:36:46.499,3.5188,0.1046,OK
542,2026-08-07T22:36:46.750,3.149,0.3698,OK
543,2026-08-07T22:36:47.000,3.5091,0.3601,OK
544,2026-08-07T22:36:47.252,3.2183,0.2908,OK
545,2026-08-07T22:36:47.500,3.6239,0.4056,OK
546,2026-08-07T22:36:47.748,3.4307,0.1932,OK
547,2026-08-07T22:36:47.996,3.4295,0.0012,OK
548,2026-08-07T22:36:48.248,3.2779,0.1516,OK
549,2026-08-07T22:36:48.500,3.5253,0.2474,OK
550,2026-08-07T22:36:48.750,3.3119,0.2134,OK
551,2026-08-07T22:36:49.003,3.441,0.1291,OK
552,2026-08-07T22:36:49.256,3.4264,0.0146,OK
553,2026-08-07T22:36:49.508,3.8665,0.4401,OK
554,2026-08-07T22:36:49.758,3.4162,0.4503,OK
555,2026-08-07T22:36:50.005,3.3214,0.0948,OK
556,2026-08-07T22:36:50.255,3.1131,0.2083,OK
557,2026-08-07T22:36:50.495,3.2279,0.1148,OK
558,2026-08-07T22:36:50.747,3.468,0.2401,OK
559,2026-08-07T22:36:50.994,3.3794,0.0886,OK
560,2026-08-07T22:36:51.244,3.1648,0.2146,OK
561,2026-08-07T22:36:51.497,3.2776,0.1128,OK
562,2026-08-07T22:36:51.751,3.4404,0.1628,OK
563,2026-08-07T22:36:52.002,3.2483,0.1921,OK
564,2026-08-07T22:36:52.252,3.3452,0.0969,OK
565,2026-08-07T22:36:52.502,3.4371,0.0919,OK
566,2026-08-07T22:36:52.749,3.2868,0.1503,OK
567,2026-08-07T22:36:52.998,3.2119,0.0749,OK
568,2026-08-07T22:36:53.250,3.3168,0.1049,OK
569,2026-08-07T22:36:53.500,3.3096,0.0072,OK
570,2026-08-07T22:36:53.750,3.4253,0.1157,OK
571,2026-08-07T22:36:54.003,3.2835,0.1418,OK
572,2026-08-07T22:36:54.254,3.1898,0.0937,OK
573,2026-08-07T22:36:54.506,3.3698,0.18,OK
574,2026-08-07T22:36:54.755,4.0811,0.7113,OK
575,2026-08-07T22:36:55.006,3.4754,0.6057,OK
576,2026-08-07T22:36:55.256,3.3501,0.1253,OK
577,2026-08-07T22:36:55.507,3.2892,0.0609,OK
578,2026-08-07T22:36:55.757,3.4211,0.1319,OK
579,2026-08-07T22:36:56.008,3.216,0.2051,OK
580,2026-08-07T22:36:56.256,3.3814,0.1654,OK
581,2026-08-07T22:36:56.507,3.4316,0.0502,OK
582,2026-08-07T22:36:56.758,3.3308,0.1008,OK
583,2026-08-07T22:36:56.996,3.2582,0.0726,OK
584,2026-08-07T22:36:57.247,3.141,0.1172,OK
585,2026-08-07T22:36:57.495,4.1366,0.9956,OK
586,2026-08-07T22:36:57.746,3.2787,0.8579,OK
587,2026-08-07T22:36:57.996,3.3061,0.0274,OK
588,2026-08-07T22:36:58.249,5.9178,2.6117,OK
589,2026-08-07T22:36:58.497,3.4816,2.4362,OK
590,2026-08-07T22:36:58.750,3.3996,0.082,OK
591,2026-08-07T22:36:59.000,3.2863,0.1133,OK
592,2026-08-07T22:36:59.257,8.2878,5.0015,OK
593,2026-08-07T22:36:59.503,3.4088,4.879,OK
594,2026-08-07T22:36:59.753,3.257,0.1518,OK
595,2026-08-07T22:37:00.003,3.493,0.236,OK
596,2026-08-07T22:37:00.253,3.5727,0.0797,OK
597,2026-08-07T22:37:00.504,3.164,0.4087,OK
598,2026-08-07T22:37:00.757,3.3429,0.1789,OK
599,2026-08-07T22:37:01.009,3.4324,0.0895,OK
600,2026-08-07T22:37:01.260,3.3493,0.0831,OK
601,2026-08-07T22:37:01.500,9.2995,5.9502,OK
602,2026-08-07T22:37:01.744,3.6133,5.6862,OK
603,2026-08-07T22:37:01.995,3.2503,0.363,OK
604,2026-08-07T22:37:02.247,3.3651,0.1148,OK
605,2026-08-07T22:37:02.499,3.2806,0.0845,OK
606,2026-08-07T22:37:02.752,3.5614,0.2808,OK
607,2026-08-07T22:37:03.002,3.2572,0.3042,OK
608,2026-08-07T22:37:03.253,3.232,0.0252,OK
609,2026-08-07T22:37:03.502,3.2279,0.0041,OK
610,2026-08-07T22:37:03.757,3.431,0.2031,OK
611,2026-08-07T22:37:04.007,3.4193,0.0117,OK
612,2026-08-07T22:37:04.258,3.3779,0.0414,OK
613,2026-08-07T22:37:04.509,3.4451,0.0672,OK
614,2026-08-07T22:37:04.744,3.2121,0.233,OK
615,2026-08-07T22:37:05.009,3.2452,0.0331,OK
616,2026-08-07T22:37:05.245,4.5363,1.2911,OK
617,2026-08-07T22:37:05.495,3.357,1.1793,OK
618,2026-08-07T22:37:05.744,3.2505,0.1065,OK
619,2026-08-07T22:37:05.995,3.8022,0.5517,OK
620,2026-08-07T22:37:06.244,3.3943,0.4079,OK
621,2026-08-07T22:37:06.497,3.6771,0.2828,OK
622,2026-08-07T22:37:06.748,3.7854,0.1083,OK
623,2026-08-07T22:37:06.996,3.3042,0.4812,OK
624,2026-08-07T22:37:07.248,4.0312,0.727,OK
625,2026-08-07T22:37:07.497,3.3812,0.65,OK
626,2026-08-07T22:37:07.748,3.4173,0.0361,OK
627,2026-08-07T22:37:07.998,3.4252,0.0079,OK
628,2026-08-07T22:37:08.249,3.4263,0.0011,OK
629,2026-08-07T22:37:08.497,3.2372,0.1891,OK
630,2026-08-07T22:37:08.745,3.2528,0.0156,OK
631,2026-08-07T22:37:08.999,3.4867,0.2339,OK
632,2026-08-07T22:37:09.248,3.6349,0.1482,OK
633,2026-08-07T22:37:09.501,3.4211,0.2138,OK
634,2026-08-07T22:37:09.753,3.2803,0.1408,OK
635,2026-08-07T22:37:10.009,3.8193,0.539,OK
636,2026-08-07T22:37:10.245,3.0789,0.7404,OK
637,2026-08-07T22:37:10.495,3.2763,0.1974,OK
638,2026-08-07T22:37:10.745,3.3465,0.0702,OK
639,2026-08-07T22:37:10.996,3.4137,0.0672,OK
640,2026-08-07T22:37:11.248,3.4042,0.0095,OK
641,2026-08-07T22:37:11.499,3.3183,0.0859,OK
642,2026-08-07T22:37:11.748,3.0976,0.2207,OK
643,2026-08-07T22:37:12.000,3.4599,0.3623,OK
644,2026-08-07T22:37:12.255,3.2965,0.1634,OK
645,2026-08-07T22:37:12.507,3.3915,0.095,OK
646,2026-08-07T22:37:12.745,3.4784,0.0869,OK
647,2026-08-07T22:37:12.995,3.4232,0.0552,OK
648,2026-08-07T22:37:13.245,3.7884,0.3652,OK
649,2026-08-07T22:37:13.495,3.3347,0.4537,OK
650,2026-08-07T22:37:13.746,3.3697,0.035,OK
651,2026-08-07T22:37:13.995,3.2579,0.1118,OK
652,2026-08-07T22:37:14.245,3.3981,0.1402,OK
653,2026-08-07T22:37:14.508,3.5213,0.1232,OK
654,2026-08-07T22:37:14.758,3.2726,0.2487,OK
655,2026-08-07T22:37:15.007,3.2841,0.0115,OK
656,2026-08-07T22:37:15.259,3.5723,0.2882,OK
657,2026-08-07T22:37:15.495,3.5617,0.0106,OK
658,2026-08-07T22:37:15.757,3.2064,0.3553,OK
659,2026-08-07T22:37:16.008,3.1146,0.0918,OK
660,2026-08-07T22:37:16.245,3.3969,0.2823,OK
661,2026-08-07T22:37:16.496,3.4,0.0031,OK
662,2026-08-07T22:37:16.746,3.7627,0.3627,OK
663,2026-08-07T22:37:16.998,3.4834,0.2793,OK
664,2026-08-07T22:37:17.248,4.3174,0.834,OK
665,2026-08-07T22:37:17.496,3.4098,0.9076,OK
666,2026-08-07T22:37:17.745,3.2428,0.167,OK
667,2026-08-07T22:37:17.996,3.3226,0.0798,OK
668,2026-08-07T22:37:18.248,3.2661,0.0565,OK
669,2026-08-07T22:37:18.499,3.5451,0.279,OK
670,2026-08-07T22:37:18.751,3.2025,0.3426,OK
671,2026-08-07T22:37:19.000,3.0938,0.1087,OK
672,2026-08-07T22:37:19.252,3.1757,0.0819,OK
673,2026-08-07T22:37:19.502,3.2022,0.0265,OK
674,2026-08-07T22:37:19.752,3.0475,0.1547,OK
675,2026-08-07T22:37:20.003,3.6257,0.5782,OK
676,2026-08-07T22:37:20.250,3.2917,0.334,OK
677,2026-08-07T22:37:20.501,3.4434,0.1517,OK
678,2026-08-07T22:37:20.751,3.4916,0.0482,OK
679,2026-08-07T22:37:21.002,3.4448,0.0468,OK
680,2026-08-07T22:37:21.253,3.2735,0.1713,OK
681,2026-08-07T22:37:21.508,3.2583,0.0152,OK
682,2026-08-07T22:37:21.759,3.5546,0.2963,OK
683,2026-08-07T22:37:22.008,3.2738,0.2808,OK
684,2026-08-07T22:37:22.244,3.1639,0.1099,OK
685,2026-08-07T22:37:22.509,3.3038,0.1399,OK
686,2026-08-07T22:37:22.758,3.2877,0.0161,OK
687,2026-08-07T22:37:23.006,3.1638,0.1239,OK
688,2026-08-07T22:37:23.258,3.2234,0.0596,OK
689,2026-08-07T22:37:23.508,3.306,0.0826,OK
690,2026-08-07T22:37:23.744,3.2226,0.0834,OK
691,2026-08-07T22:37:23.995,3.2147,0.0079,OK
692,2026-08-07T22:37:24.247,3.2805,0.0658,OK
693,2026-08-07T22:37:24.496,3.3998,0.1193,OK
694,2026-08-07T22:37:24.748,3.4568,0.057,OK
695,2026-08-07T22:37:24.998,3.3675,0.0893,OK
696,2026-08-07T22:37:25.251,3.3053,0.0622,OK
697,2026-08-07T22:37:25.503,3.1939,0.1114,OK
698,2026-08-07T22:37:25.757,3.6133,0.4194,OK
699,2026-08-07T22:37:26.007,3.387,0.2263,OK
700,2026-08-07T22:37:26.257,3.4083,0.0213,OK
701,2026-08-07T22:37:26.505,3.4214,0.0131,OK
702,2026-08-07T22:37:26.756,3.34,0.0814,OK
703,2026-08-07T22:37:27.009,3.3254,0.0146,OK
704,2026-08-07T22:37:27.245,3.289,0.0364,OK
705,2026-08-07T22:37:27.509,3.3673,0.0783,OK
706,2026-08-07T22:37:27.745,3.541,0.1737,OK
707,2026-08-07T22:37:27.996,3.3201,0.2209,OK
708,2026-08-07T22:37:28.248,3.3763,0.0562,OK
709,2026-08-07T22:37:28.499,3.2872,0.0891,OK
710,2026-08-07T22:37:28.751,3.4557,0.1685,OK
711,2026-08-07T22:37:29.001,3.2957,0.16,OK
712,2026-08-07T22:37:29.249,3.2191,0.0766,OK
713,2026-08-07T22:37:29.502,4.0082,0.7891,OK
714,2026-08-07T22:37:29.752,3.2187,0.7895,OK
715,2026-08-07T22:37:30.003,3.2942,0.0755,OK
716,2026-08-07T22:37:30.255,3.2299,0.0643,OK
717,2026-08-07T22:37:30.506,3.5596,0.3297,OK
718,2026-08-07T22:37:30.758,3.479,0.0806,OK
719,2026-08-07T22:37:31.008,3.3301,0.1489,OK
720,2026-08-07T22:37:31.258,3.4165,0.0864,OK
721,2026-08-07T22:37:31.495,3.4989,0.0824,OK
722,2026-08-07T22:37:31.745,3.353,0.1459,OK
723,2026-08-07T22:37:31.996,3.5098,0.1568,OK
724,2026-08-07T22:37:32.245,3.3831,0.1267,OK
725,2026-08-07T22:37:32.493,3.1787,0.2044,OK
726,2026-08-07T22:37:32.759,3.2996,0.1209,OK
727,2026-08-07T22:37:32.994,3.2441,0.0555,OK
728,2026-08-07T22:37:33.246,3.2548,0.0107,OK
729,2026-08-07T22:37:33.498,3.5231,0.2683,OK
730,2026-08-07T22:37:33.751,3.5081,0.015,OK
731,2026-08-07T22:37:34.002,3.3165,0.1916,OK
732,2026-08-07T22:37:34.256,3.3637,0.0472,OK
733,2026-08-07T22:37:34.504,3.3867,0.023,OK
734,2026-08-07T22:37:34.754,3.488,0.1013,OK
735,2026-08-07T22:37:35.007,3.2544,0.2336,OK
736,2026-08-07T22:37:35.245,3.3656,0.1112,OK
737,2026-08-07T22:37:35.494,3.4573,0.0917,OK
738,2026-08-07T22:37:35.758,3.7443,0.287,OK
739,2026-08-07T22:37:36.007,3.2962,0.4481,OK
740,2026-08-07T22:37:36.258,3.1162,0.18,OK
741,2026-08-07T22:37:36.495,3.4123,0.2961,OK
742,2026-08-07T22:37:36.746,3.7385,0.3262,OK
743,2026-08-07T22:37:36.998,3.2037,0.5348,OK
744,2026-08-07T22:37:37.246,3.3181,0.1144,OK
745,2026-08-07T22:37:37.498,3.2362,0.0819,OK
746,2026-08-07T22:37:37.748,3.2819,0.0457,OK
747,2026-08-07T22:37:37.996,3.4334,0.1515,OK
748,2026-08-07T22:37:38.246,3.4669,0.0335,OK
749,2026-08-07T22:37:38.495,3.4706,0.0037,OK
750,2026-08-07T22:37:38.759,3.3643,0.1063,OK
751,2026-08-07T22:37:38.995,3.1854,0.1789,OK
752,2026-08-07T22:37:39.248,5.6282,2.4428,OK
753,2026-08-07T22:37:39.494,3.3987,2.2295,OK
754,2026-08-07T22:37:39.744,3.5174,0.1187,OK
755,2026-08-07T22:37:40.009,3.3267,0.1907,OK
756,2026-08-07T22:37:40.244,3.4453,0.1186,OK
757,2026-08-07T22:37:40.509,3.4848,0.0395,OK
758,2026-08-07T22:37:40.758,3.3524,0.1324,OK
759,2026-08-07T22:37:41.008,3.3814,0.029,OK
760,2026-08-07T22:37:41.258,3.5259,0.1445,OK
761,2026-08-07T22:37:41.508,3.289,0.2369,OK
762,2026-08-07T22:37:41.757,3.48,0.191,OK
763,2026-08-07T22:37:42.006,3.3719,0.1081,OK
764,2026-08-07T22:37:42.258,3.4117,0.0398,OK
765,2026-08-07T22:37:42.494,3.5549,0.1432,OK
766,2026-08-07T22:37:42.760,3.6214,0.0665,OK
767,2026-08-07T22:37:42.996,3.4515,0.1699,OK
768,2026-08-07T22:37:43.245,3.5942,0.1427,OK
769,2026-08-07T22:37:43.509,3.4035,0.1907,OK
770,2026-08-07T22:37:43.745,3.4298,0.0263,OK
771,2026-08-07T22:37:43.997,3.3596,0.0702,OK
772,2026-08-07T22:37:44.246,3.566,0.2064,OK
773,2026-08-07T22:37:44.498,3.421,0.145,OK
774,2026-08-07T22:37:44.750,3.4719,0.0509,OK
775,2026-08-07T22:37:45.001,3.4821,0.0102,OK
776,2026-08-07T22:37:45.254,3.7381,0.256,OK
777,2026-08-07T22:37:45.503,3.5272,0.2109,OK
778,2026-08-07T22:37:45.754,3.3462,0.181,OK
779,2026-08-07T22:37:46.007,3.3658,0.0196,OK
780,2026-08-07T22:37:46.245,3.214,0.1518,OK
781,2026-08-07T22:37:46.495,3.3216,0.1076,OK
782,2026-08-07T22:37:46.758,3.3986,0.077,OK
783,2026-08-07T22:37:47.009,3.2525,0.1461,OK
784,2026-08-07T22:37:47.245,3.2268,0.0257,OK
785,2026-08-07T22:37:47.509,3.4055,0.1787,OK
786,2026-08-07T22:37:47.746,3.4201,0.0146,OK
787,2026-08-07T22:37:47.996,3.3953,0.0248,OK
788,2026-08-07T22:37:48.248,3.3613,0.034,OK
789,2026-08-07T22:37:48.499,3.5136,0.1523,OK
790,2026-08-07T22:37:48.750,3.8161,0.3025,OK
791,2026-08-07T22:37:49.001,3.2665,0.5496,OK
792,2026-08-07T22:37:49.251,3.4465,0.18,OK
793,2026-08-07T22:37:49.502,3.3743,0.0722,OK
794,2026-08-07T22:37:49.755,3.5213,0.147,OK
795,2026-08-07T22:37:50.005,3.5923,0.071,OK
796,2026-08-07T22:37:50.257,3.3955,0.1968,OK
797,2026-08-07T22:37:50.507,3.3046,0.0909,OK
798,2026-08-07T22:37:50.756,3.3345,0.0299,OK
799,2026-08-07T22:37:51.006,3.2013,0.1332,OK
800,2026-08-07T22:37:51.257,3.5558,0.3545,OK
801,2026-08-07T22:37:51.507,3.6065,0.0507,OK
802,2026-08-07T22:37:51.758,3.7213,0.1148,OK
803,2026-08-07T22:37:52.007,3.3021,0.4192,OK
804,2026-08-07T22:37:52.256,3.4181,0.116,OK
805,2026-08-07T22:37:52.506,3.4254,0.0073,OK
806,2026-08-07T22:37:52.757,3.6021,0.1767,OK
807,2026-08-07T22:37:53.007,3.2803,0.3218,OK
808,2026-08-07T22:37:53.243,3.3301,0.0498,OK
809,2026-08-07T22:37:53.508,3.8676,0.5375,OK
810,2026-08-07T22:37:53.757,3.3135,0.5541,OK
811,2026-08-07T22:37:53.994,3.4963,0.1828,OK
812,2026-08-07T22:37:54.257,3.2455,0.2508,OK
813,2026-08-07T22:37:54.508,3.1216,0.1239,OK
814,2026-08-07T22:37:54.743,3.5057,0.3841,OK
815,2026-08-07T22:37:54.994,3.2209,0.2848,OK
816,2026-08-07T22:37:55.244,3.2773,0.0564,OK
817,2026-08-07T22:37:55.495,3.3928,0.1155,OK
818,2026-08-07T22:37:55.747,3.4979,0.1051,OK
819,2026-08-07T22:37:55.998,3.3972,0.1007,OK
820,2026-08-07T22:37:56.248,3.207,0.1902,OK
821,2026-08-07T22:37:56.499,3.965,0.758,OK
822,2026-08-07T22:37:56.749,3.4942,0.4708,OK
823,2026-08-07T22:37:57.001,3.547,0.0528,OK
824,2026-08-07T22:37:57.252,3.2701,0.2769,OK
825,2026-08-07T22:37:57.503,4.0111,0.741,OK
826,2026-08-07T22:37:57.754,3.6433,0.3678,OK
827,2026-08-07T22:37:58.004,3.6567,0.0134,OK
828,2026-08-07T22:37:58.255,3.4394,0.2173,OK
829,2026-08-07T22:37:58.507,3.4735,0.0341,OK
830,2026-08-07T22:37:58.743,3.2419,0.2316,OK
831,2026-08-07T22:37:58.996,3.5369,0.295,OK
832,2026-08-07T22:37:59.247,3.4284,0.1085,OK
833,2026-08-07T22:37:59.501,3.4513,0.0229,OK
834,2026-08-07T22:37:59.753,3.2401,0.2112,OK
835,2026-08-07T22:38:00.003,3.5875,0.3474,OK
836,2026-08-07T22:38:00.255,3.4635,0.124,OK
837,2026-08-07T22:38:00.504,3.371,0.0925,OK
838,2026-08-07T22:38:00.757,3.3387,0.0323,OK
839,2026-08-07T22:38:00.996,3.4511,0.1124,OK
840,2026-08-07T22:38:01.247,3.4902,0.0391,OK
841,2026-08-07T22:38:01.497,3.4416,0.0486,OK
842,2026-08-07T22:38:01.748,3.3449,0.0967,OK
843,2026-08-07T22:38:02.000,3.5737,0.2288,OK
844,2026-08-07T22:38:02.248,3.3177,0.256,OK
845,2026-08-07T22:38:02.499,3.4235,0.1058,OK
846,2026-08-07T22:38:02.749,3.3655,0.058,OK
847,2026-08-07T22:38:03.003,3.437,0.0715,OK
848,2026-08-07T22:38:03.253,3.2666,0.1704,OK
849,2026-08-07T22:38:03.503,3.2005,0.0661,OK
850,2026-08-07T22:38:03.755,3.5221,0.3216,OK
851,2026-08-07T22:38:04.008,3.4022,0.1199,OK
852,2026-08-07T22:38:04.259,3.4664,0.0642,OK
853,2026-08-07T22:38:04.509,3.6306,0.1642,OK
854,2026-08-07T22:38:04.759,3.2945,0.3361,OK
855,2026-08-07T22:38:04.996,3.5164,0.2219,OK
856,2026-08-07T22:38:05.245,3.4077,0.1087,OK
857,2026-08-07T22:38:05.498,3.2796,0.1281,OK
858,2026-08-07T22:38:05.753,3.34,0.0604,OK
859,2026-08-07T22:38:06.004,3.326,0.014,OK
860,2026-08-07T22:38:06.253,3.3333,0.0073,OK
861,2026-08-07T22:38:06.501,3.3593,0.026,OK
862,2026-08-07T22:38:06.752,3.4482,0.0889,OK
863,2026-08-07T22:38:07.002,3.3866,0.0616,OK
864,2026-08-07T22:38:07.252,3.3775,0.0091,OK
865,2026-08-07T22:38:07.501,3.2895,0.088,OK
866,2026-08-07T22:38:07.748,3.1727,0.1168,OK
867,2026-08-07T22:38:07.997,3.3426,0.1699,OK
868,2026-08-07T22:38:08.246,3.5411,0.1985,OK
869,2026-08-07T22:38:08.496,3.4163,0.1248,OK
870,2026-08-07T22:38:08.745,3.405,0.0113,OK
871,2026-08-07T22:38:08.995,3.3243,0.0807,OK
872,2026-08-07T22:38:09.245,3.3473,0.023,OK
873,2026-08-07T22:38:09.497,3.6258,0.2785,OK
874,2026-08-07T22:38:09.748,3.5289,0.0969,OK
875,2026-08-07T22:38:09.996,3.2025,0.3264,OK
876,2026-08-07T22:38:10.249,3.197,0.0055,OK
877,2026-08-07T22:38:10.498,3.5138,0.3168,OK
878,2026-08-07T22:38:10.748,3.4012,0.1126,OK
879,2026-08-07T22:38:10.999,3.5099,0.1087,OK
880,2026-08-07T22:38:11.250,3.4504,0.0595,OK
881,2026-08-07T22:38:11.504,3.4144,0.036,OK
882,2026-08-07T22:38:11.755,3.3928,0.0216,OK
883,2026-08-07T22:38:12.004,3.4001,0.0073,OK
884,2026-08-07T22:38:12.256,3.4476,0.0475,OK
885,2026-08-07T22:38:12.508,3.4531,0.0055,OK
886,2026-08-07T22:38:12.759,3.4391,0.014,OK
887,2026-08-07T22:38:13.007,3.2766,0.1625,OK
888,2026-08-07T22:38:13.257,3.3568,0.0802,OK
889,2026-08-07T22:38:13.507,3.1839,0.1729,OK
890,2026-08-07T22:38:13.745,3.1447,0.0392,OK
891,2026-08-07T22:38:13.998,3.3549,0.2102,OK
892,2026-08-07T22:38:14.248,3.347,0.0079,OK
893,2026-08-07T22:38:14.499,3.3511,0.0041,OK
894,2026-08-07T22:38:14.750,3.4622,0.1111,OK
895,2026-08-07T22:38:15.000,3.2024,0.2598,OK
896,2026-08-07T22:38:15.253,3.3244,0.122,OK
897,2026-08-07T22:38:15.503,3.7958,0.4714,OK
898,2026-08-07T22:38:15.755,3.4234,0.3724,OK
899,2026-08-07T22:38:16.005,3.4692,0.0458,OK
900,2026-08-07T22:38:16.257,3.4389,0.0303,OK
901,2026-08-07T22:38:16.508,3.3084,0.1305,OK
902,2026-08-07T22:38:16.759,3.4331,0.1247,OK
903,2026-08-07T22:38:17.009,3.5458,0.1127,OK
904,2026-08-07T22:38:17.257,3.472,0.0738,OK
905,2026-08-07T22:38:17.508,3.5024,0.0304,OK
906,2026-08-07T22:38:17.757,3.6173,0.1149,OK
907,2026-08-07T22:38:18.008,3.3946,0.2227,OK
908,2026-08-07T22:38:18.258,3.6027,0.2081,OK
909,2026-08-07T22:38:18.507,3.4478,0.1549,OK
910,2026-08-07T22:38:18.759,3.4511,0.0033,OK
911,2026-08-07T22:38:18.994,3.4334,0.0177,OK
912,2026-08-07T22:38:19.245,3.3086,0.1248,OK
913,2026-08-07T22:38:19.498,3.7161,0.4075,OK
914,2026-08-07T22:38:19.747,3.5669,0.1492,OK
915,2026-08-07T22:38:19.999,3.4458,0.1211,OK
916,2026-08-07T22:38:20.249,3.2753,0.1705,OK
917,2026-08-07T22:38:20.500,3.2127,0.0626,OK
918,2026-08-07T22:38:20.752,3.4657,0.253,OK
919,2026-08-07T22:38:21.002,3.4077,0.058,OK
920,2026-08-07T22:38:21.253,3.5157,0.108,OK
921,2026-08-07T22:38:21.504,3.4839,0.0318,OK
922,2026-08-07T22:38:21.754,3.5213,0.0374,OK
923,2026-08-07T22:38:22.004,3.3637,0.1576,OK
924,2026-08-07T22:38:22.256,3.2874,0.0763,OK
925,2026-08-07T22:38:22.506,3.4515,0.1641,OK
926,2026-08-07T22:38:22.754,3.2271,0.2244,OK
927,2026-08-07T22:38:23.006,3.373,0.1459,OK
928,2026-08-07T22:38:23.257,3.4266,0.0536,OK
929,2026-08-07T22:38:23.507,1.6119,1.8147,OK
930,2026-08-07T22:38:23.745,3.6092,1.9973,OK
931,2026-08-07T22:38:23.997,3.4382,0.171,OK
932,2026-08-07T22:38:24.249,3.4165,0.0217,OK
933,2026-08-07T22:38:24.499,4.444,1.0275,OK
934,2026-08-07T22:38:24.748,3.7242,0.7198,OK
935,2026-08-07T22:38:24.998,3.5985,0.1257,OK
936,2026-08-07T22:38:25.247,3.3589,0.2396,OK
937,2026-08-07T22:38:25.497,3.3654,0.0065,OK
938,2026-08-07T22:38:25.746,3.4561,0.0907,OK
939,2026-08-07T22:38:25.997,3.4817,0.0256,OK
940,2026-08-07T22:38:26.246,3.5749,0.0932,OK
941,2026-08-07T22:38:26.497,3.5985,0.0236,OK
942,2026-08-07T22:38:26.747,3.3375,0.261,OK
943,2026-08-07T22:38:26.996,3.4508,0.1133,OK
944,2026-08-07T22:38:27.246,3.8374,0.3866,OK
945,2026-08-07T22:38:27.498,3.5549,0.2825,OK
946,2026-08-07T22:38:27.752,3.3778,0.1771,OK
947,2026-08-07T22:38:28.006,3.4231,0.0453,OK
948,2026-08-07T22:38:28.257,3.4202,0.0029,OK
949,2026-08-07T22:38:28.507,3.1669,0.2533,OK
950,2026-08-07T22:38:28.759,3.2562,0.0893,OK
951,2026-08-07T22:38:28.994,3.2564,0.0002,OK
952,2026-08-07T22:38:29.248,5.7834,2.527,OK
953,2026-08-07T22:38:29.495,3.5267,2.2567,OK
954,2026-08-07T22:38:29.759,4.4162,0.8895,OK
955,2026-08-07T22:38:30.007,3.5548,0.8614,OK
956,2026-08-07T22:38:30.258,3.4972,0.0576,OK
957,2026-08-07T22:38:30.509,3.2855,0.2117,OK
958,2026-08-07T22:38:30.745,3.8862,0.6007,OK
959,2026-08-07T22:38:30.996,3.4074,0.4788,OK
960,2026-08-07T22:38:31.245,3.3016,0.1058,OK
961,2026-08-07T22:38:31.495,3.4861,0.1845,OK
962,2026-08-07T22:38:31.747,3.3122,0.1739,OK
963,2026-08-07T22:38:31.997,3.4155,0.1033,OK
964,2026-08-07T22:38:32.246,3.4489,0.0334,OK
965,2026-08-07T22:38:32.510,3.3296,0.1193,OK
966,2026-08-07T22:38:32.757,3.2359,0.0937,OK
967,2026-08-07T22:38:33.007,3.3906,0.1547,OK
968,2026-08-07T22:38:33.258,3.3749,0.0157,OK
969,2026-08-07T22:38:33.494,3.4319,0.057,OK
970,2026-08-07T22:38:33.746,3.5489,0.117,OK
971,2026-08-07T22:38:33.996,3.6441,0.0952,OK
972,2026-08-07T22:38:34.248,3.5822,0.0619,OK
973,2026-08-07T22:38:34.500,3.3483,0.2339,OK
974,2026-08-07T22:38:34.751,3.2486,0.0997,OK
975,2026-08-07T22:38:35.002,3.2534,0.0048,OK
976,2026-08-07T22:38:35.254,3.3171,0.0637,OK
977,2026-08-07T22:38:35.503,3.1005,0.2166,OK
978,2026-08-07T22:38:35.753,3.4348,0.3343,OK
979,2026-08-07T22:38:36.002,3.2603,0.1745,OK
980,2026-08-07T22:38:36.254,3.7666,0.5063,OK
981,2026-08-07T22:38:36.503,3.6428,0.1238,OK
982,2026-08-07T22:38:36.752,3.5517,0.0911,OK
983,2026-08-07T22:38:37.001,3.4697,0.082,OK
984,2026-08-07T22:38:37.250,3.2455,0.2242,OK
985,2026-08-07T22:38:37.500,3.3549,0.1094,OK
986,2026-08-07T22:38:37.749,3.4766,0.1217,OK
987,2026-08-07T22:38:38.001,3.4616,0.015,OK
988,2026-08-07T22:38:38.251,3.2711,0.1905,OK
989,2026-08-07T22:38:38.501,3.4715,0.2004,OK
990,2026-08-07T22:38:38.754,3.4956,0.0241,OK
991,2026-08-07T22:38:39.008,3.3609,0.1347,OK
992,2026-08-07T22:38:39.257,3.4668,0.1059,OK
993,2026-08-07T22:38:39.506,3.5678,0.101,OK
994,2026-08-07T22:38:39.757,3.542,0.0258,OK
995,2026-08-07T22:38:40.009,3.4223,0.1197,OK
996,2026-08-07T22:38:40.244,3.1838,0.2385,OK
997,2026-08-07T22:38:40.495,3.399,0.2152,OK
998,2026-08-07T22:38:40.745,3.3426,0.0564,OK
999,2026-08-07T22:38:40.996,3.5772,0.2346,OK
1000,2026-08-07T22:38:41.247,3.2428,0.3344,OK
1001,2026-08-07T22:38:41.499,7.8221,4.5793,OK
1002,2026-08-07T22:38:41.757,3.1745,4.6476,OK
1003,2026-08-07T22:38:42.009,4.5685,1.394,OK
1004,2026-08-07T22:38:42.256,3.2433,1.3252,OK
1005,2026-08-07T22:38:42.506,3.3789,0.1356,OK
1006,2026-08-07T22:38:42.758,3.3816,0.0027,OK
1007,2026-08-07T22:38:42.994,3.6392,0.2576,OK
1008,2026-08-07T22:38:43.245,3.3472,0.292,OK
1009,2026-08-07T22:38:43.496,3.4739,0.1267,OK
1010,2026-08-07T22:38:43.749,3.3308,0.1431,OK
1011,2026-08-07T22:38:44.001,3.2561,0.0747,OK
1012,2026-08-07T22:38:44.251,3.3174,0.0613,OK
1013,2026-08-07T22:38:44.502,3.3136,0.0038,OK
1014,2026-08-07T22:38:44.756,3.2736,0.04,OK
1015,2026-08-07T22:38:45.008,3.3864,0.1128,OK
1016,2026-08-07T22:38:45.258,3.1556,0.2308,OK
1017,2026-08-07T22:38:45.507,3.3057,0.1501,OK
1018,2026-08-07T22:38:45.744,3.3551,0.0494,OK
1019,2026-08-07T22:38:45.998,3.2688,0.0863,OK
1020,2026-08-07T22:38:46.249,3.2275,0.0413,OK
1021,2026-08-07T22:38:46.499,3.4772,0.2497,OK
1022,2026-08-07T22:38:46.752,3.2969,0.1803,OK
1023,2026-08-07T22:38:47.002,3.4324,0.1355,OK
1024,2026-08-07T22:38:47.254,3.3533,0.0791,OK
1025,2026-08-07T22:38:47.505,3.2704,0.0829,OK
1026,2026-08-07T22:38:47.754,3.1684,0.102,OK
1027,2026-08-07T22:38:48.006,3.1422,0.0262,OK
1028,2026-08-07T22:38:48.257,3.142,0.0002,OK
1029,2026-08-07T22:38:48.507,3.3719,0.2299,OK
1030,2026-08-07T22:38:48.758,3.4607,0.0888,OK
1031,2026-08-07T22:38:49.007,3.2822,0.1785,OK
1032,2026-08-07T22:38:49.256,3.314,0.0318,OK
1033,2026-08-07T22:38:49.494,3.3485,0.0345,OK
1034,2026-08-07T22:38:49.747,3.3092,0.0393,OK
1035,2026-08-07T22:38:49.996,3.6068,0.2976,OK
1036,2026-08-07T22:38:50.247,3.3816,0.2252,OK
1037,2026-08-07T22:38:50.498,3.4044,0.0228,OK
1038,2026-08-07T22:38:50.747,3.459,0.0546,OK
1039,2026-08-07T22:38:51.000,3.4815,0.0225,OK
1040,2026-08-07T22:38:51.252,3.212,0.2695,OK
1041,2026-08-07T22:38:51.504,3.3805,0.1685,OK
1042,2026-08-07T22:38:51.755,4.1353,0.7548,OK
1043,2026-08-07T22:38:52.005,3.4276,0.7077,OK
1044,2026-08-07T22:38:52.256,3.2677,0.1599,OK
1045,2026-08-07T22:38:52.506,3.3867,0.119,OK
1046,2026-08-07T22:38:52.759,3.9101,0.5234,OK
1047,2026-08-07T22:38:52.994,3.4445,0.4656,OK
1048,2026-08-07T22:38:53.246,3.2931,0.1514,OK
1049,2026-08-07T22:38:53.497,3.532,0.2389,OK
1050,2026-08-07T22:38:53.749,3.4016,0.1304,OK
1051,2026-08-07T22:38:53.997,3.2538,0.1478,OK
1052,2026-08-07T22:38:54.248,3.2995,0.0457,OK
1053,2026-08-07T22:38:54.501,3.5676,0.2681,OK
1054,2026-08-07T22:38:54.750,3.4006,0.167,OK
1055,2026-08-07T22:38:55.002,3.3189,0.0817,OK
1056,2026-08-07T22:38:55.254,3.387,0.0681,OK
1057,2026-08-07T22:38:55.504,3.4229,0.0359,OK
1058,2026-08-07T22:38:55.755,3.4665,0.0436,OK
1059,2026-08-07T22:38:56.003,3.3908,0.0757,OK
1060,2026-08-07T22:38:56.253,3.2375,0.1533,OK
1061,2026-08-07T22:38:56.505,4.1794,0.9419,OK
1062,2026-08-07T22:38:56.755,3.5423,0.6371,OK
1063,2026-08-07T22:38:57.006,3.3359,0.2064,OK
1064,2026-08-07T22:38:57.256,3.4324,0.0965,OK
1065,2026-08-07T22:38:57.508,3.4825,0.0501,OK
1066,2026-08-07T22:38:57.757,3.4991,0.0166,OK
1067,2026-08-07T22:38:58.008,3.5056,0.0065,OK
1068,2026-08-07T22:38:58.258,3.7965,0.2909,OK
1069,2026-08-07T22:38:58.495,3.424,0.3725,OK
1070,2026-08-07T22:38:58.745,3.4949,0.0709,OK
1071,2026-08-07T22:38:59.009,3.3086,0.1863,OK
1072,2026-08-07T22:38:59.244,3.5319,0.2233,OK
1073,2026-08-07T22:38:59.508,3.4599,0.072,OK
1074,2026-08-07T22:38:59.759,3.4542,0.0057,OK
1075,2026-08-07T22:38:59.995,3.2901,0.1641,OK
1076,2026-08-07T22:39:00.249,3.4335,0.1434,OK
1077,2026-08-07T22:39:00.499,3.3796,0.0539,OK
1078,2026-08-07T22:39:00.750,3.7087,0.3291,OK
1079,2026-08-07T22:39:01.003,3.8412,0.1325,OK
1080,2026-08-07T22:39:01.254,3.3518,0.4894,OK
1081,2026-08-07T22:39:01.501,3.2377,0.1141,OK
1082,2026-08-07T22:39:01.754,3.3346,0.0969,OK
1083,2026-08-07T22:39:02.004,3.2836,0.051,OK
1084,2026-08-07T22:39:02.256,3.4385,0.1549,OK
1085,2026-08-07T22:39:02.505,3.3469,0.0916,OK
1086,2026-08-07T22:39:02.754,3.4383,0.0914,OK
1087,2026-08-07T22:39:03.005,3.5552,0.1169,OK
1088,2026-08-07T22:39:03.255,3.2532,0.302,OK
1089,2026-08-07T22:39:03.507,3.4945,0.2413,OK
1090,2026-08-07T22:39:03.758,3.7956,0.3011,OK
1091,2026-08-07T22:39:03.996,3.4362,0.3594,OK
1092,2026-08-07T22:39:04.245,3.2547,0.1815,OK
1093,2026-08-07T22:39:04.497,3.3935,0.1388,OK
1094,2026-08-07T22:39:04.748,3.2138,0.1797,OK
1095,2026-08-07T22:39:04.999,3.2256,0.0118,OK
1096,2026-08-07T22:39:05.250,3.388,0.1624,OK
1097,2026-08-07T22:39:05.503,3.3664,0.0216,OK
1098,2026-08-07T22:39:05.753,3.8085,0.4421,OK
1099,2026-08-07T22:39:06.004,3.3535,0.455,OK
1100,2026-08-07T22:39:06.254,3.2136,0.1399,OK
1101,2026-08-07T22:39:06.504,3.495,0.2814,OK
1102,2026-08-07T22:39:06.755,3.5924,0.0974,OK
1103,2026-08-07T22:39:07.007,3.5275,0.0649,OK
1104,2026-08-07T22:39:07.256,3.321,0.2065,OK
1105,2026-08-07T22:39:07.507,3.7992,0.4782,OK
1106,2026-08-07T22:39:07.757,3.2505,0.5487,OK
1107,2026-08-07T22:39:08.008,3.5078,0.2573,OK
1108,2026-08-07T22:39:08.257,3.5173,0.0095,OK
1109,2026-08-07T22:39:08.506,3.5352,0.0179,OK
1110,2026-08-07T22:39:08.754,3.0936,0.4416,OK
1111,2026-08-07T22:39:09.003,3.4142,0.3206,OK
1112,2026-08-07T22:39:09.252,3.3089,0.1053,OK
1113,2026-08-07T22:39:09.504,6.6288,3.3199,OK
1114,2026-08-07T22:39:09.751,3.6836,2.9452,OK
1115,2026-08-07T22:39:10.002,3.4778,0.2058,OK
1116,2026-08-07T22:39:10.256,3.4431,0.0347,OK
1117,2026-08-07T22:39:10.506,3.3672,0.0759,OK
1118,2026-08-07T22:39:10.757,4.0847,0.7175,OK
1119,2026-08-07T22:39:11.007,3.4405,0.6442,OK
1120,2026-08-07T22:39:11.257,3.3983,0.0422,OK
1121,2026-08-07T22:39:11.508,3.4501,0.0518,OK
1122,2026-08-07T22:39:11.757,3.4323,0.0178,OK
1123,2026-08-07T22:39:12.008,3.5643,0.132,OK
1124,2026-08-07T22:39:12.259,3.3836,0.1807,OK
1125,2026-08-07T22:39:12.509,3.5598,0.1762,OK
1126,2026-08-07T22:39:12.757,3.4671,0.0927,OK
1127,2026-08-07T22:39:13.007,3.54,0.0729,OK
1128,2026-08-07T22:39:13.244,3.3037,0.2363,OK
1129,2026-08-07T22:39:13.509,3.513,0.2093,OK
1130,2026-08-07T22:39:13.745,3.5534,0.0404,OK
1131,2026-08-07T22:39:13.996,3.3278,0.2256,OK
1132,2026-08-07T22:39:14.247,3.1554,0.1724,OK
1133,2026-08-07T22:39:14.498,3.3376,0.1822,OK
1134,2026-08-07T22:39:14.750,3.4189,0.0813,OK
1135,2026-08-07T22:39:15.001,3.275,0.1439,OK
1136,2026-08-07T22:39:15.253,3.2175,0.0575,OK
1137,2026-08-07T22:39:15.503,3.583,0.3655,OK
1138,2026-08-07T22:39:15.753,3.344,0.239,OK
1139,2026-08-07T22:39:16.007,3.44,0.096,OK
1140,2026-08-07T22:39:16.256,3.2813,0.1587,OK
1141,2026-08-07T22:39:16.507,3.5965,0.3152,OK
1142,2026-08-07T22:39:16.756,3.4081,0.1884,OK
1143,2026-08-07T22:39:17.004,3.345,0.0631,OK
1144,2026-08-07T22:39:17.255,3.4221,0.0771,OK
1145,2026-08-07T22:39:17.505,3.4822,0.0601,OK
1146,2026-08-07T22:39:17.755,3.404,0.0782,OK
1147,2026-08-07T22:39:18.009,3.3137,0.0903,OK
1148,2026-08-07T22:39:18.244,3.4083,0.0946,OK
1149,2026-08-07T22:39:18.496,3.1735,0.2348,OK
1150,2026-08-07T22:39:18.748,4.4263,1.2528,OK
1151,2026-08-07T22:39:18.998,3.5806,0.8457,OK
1152,2026-08-07T22:39:19.251,3.5718,0.0088,OK
1153,2026-08-07T22:39:19.502,3.3966,0.1752,OK
1154,2026-08-07T22:39:19.752,3.4258,0.0292,OK
1155,2026-08-07T22:39:20.006,3.4625,0.0367,OK
